{
	"variables": {
	  "azure_client_id": "{{env `ARM_CLIENT_ID`}}",
	  "azure_client_secret": "{{env `ARM_CLIENT_SECRET`}}",
	  "azure_subscription_id": "{{env `ARM_SUBSCRIPTION_ID`}}",
	  "azure_tenant_id": "{{env `ARM_TENANT_ID`}}"
	},
  
	"builders": [
	  {
		"type": "azure-arm",

		"client_id": "{{user `azure_client_id`}}",
		"client_secret": "{{user `azure_client_secret`}}",
		"subscription_id": "{{user `azure_subscription_id`}}",
		"tenant_id": "{{user `azure_tenant_id`}}",
		
		"managed_image_resource_group_name": "udacity-project-1-rg",
		"managed_image_name": "project1_image",

		"os_type": "Linux",
		"image_publisher": "Canonical",
		"image_offer": "UbuntuServer",
		"image_sku": "18.04-LTS",

		"location": "East US",
		"vm_size": "Standard_F2",

		"azure_tags": {
		  "environment": "dev",
		  "project": "udacity",
		  "owner": "Alfredo del Río"
		}

	  }
	],
	"provisioners": [
	  {
		"inline": [
		  "sudo apt update -y",
		  "sudo apt upgrade -y",
		  "sudo apt install apache2 -y",
		  "sudo bash -c 'echo Hello World! > /var/www/html/index.html'"
		],
		"inline_shebang": "/bin/sh -x",
		"type": "shell"
	  }
	]
  }